job_id,round,pass,label,knobs,launches,max_rel_err,invalid,north_ms,gemm_us_per_rep_r0,gemm_us_per_rep_r1,gemm_us_per_rep_r2,gemm_us_per_rep_r3,mhz_r0,mhz_r1,mhz_r2,mhz_r3
2167382,r01,0,base,,20,7.289e-15,False,12.645,6789.1,7801.4,7672.8,7597.5,1048,922,938,949
2167382,r01,1,base_again,PGEMM_FUSED_VARIANT=base,20,7.289e-15,False,12.538,6801.9,7530.0,7731.5,7562.4,1043,947,931,954
2167382,r01,2,base,,20,7.289e-15,False,12.493,6841.7,7780.6,7529.3,7403.7,1033,924,980,978
2167382,r01,3,c128x256x128_1x1,PGEMM_FUSED_VARIANT=c128x256x128_1x1,20,7.289e-15,False,14.778,8609.4,9731.1,9546.8,9690.4,837,743,773,747
2167382,r01,4,base,,20,7.289e-15,False,12.489,6811.6,7609.2,7663.6,7519.0,1041,941,942,956
2167382,r01,5,c128x256x128_1x2,PGEMM_FUSED_VARIANT=c128x256x128_1x2,20,7.289e-15,False,14.261,8272.8,9332.8,9336.5,9211.2,905,814,804,818
2167382,r01,6,base,,20,7.289e-15,False,12.383,6765.8,7610.0,7514.3,7543.7,1048,952,957,957
2167382,r01,7,c256x128x128_2x1,PGEMM_FUSED_VARIANT=c256x128x128_2x1,20,7.289e-15,False,14.128,8379.4,9321.8,9153.8,9181.4,901,796,848,857
2167382,r01,8,base,,20,7.289e-15,False,12.435,6819.3,7645.6,7441.8,7532.5,1039,936,971,962
2167382,r01,9,p128x128x128_1x1,PGEMM_FUSED_VARIANT=p128x128x128_1x1,20,7.289e-15,False,15.947,9894.5,10723.9,10732.6,10528.6,729,666,677,690
2167382,r01,10,base,,20,7.289e-15,False,12.386,6679.3,7592.7,7567.2,7421.0,1064,955,949,967
2167382,r01,11,base_again,PGEMM_FUSED_VARIANT=base,20,7.289e-15,False,12.336,6760.2,7600.8,7429.5,7537.8,1057,943,967,971
2167382,r01,12,base,,20,7.289e-15,False,12.424,6747.6,7684.9,7636.2,7424.8,1054,938,949,976
2167598,r02,0,base,,20,7.289e-15,False,13.246,7088.5,7339.0,8680.4,8012.8,1016,982,866,896
2167598,r02,1,c128x256x128_2x2,PGEMM_FUSED_VARIANT=c128x256x128_2x2,20,7.289e-15,False,13.587,9699.6,10119.3,12181.0,11453.1,1154,1131,950,1008
2167598,r02,2,base,,20,7.289e-15,False,13.221,7052.5,7210.8,8326.6,8071.5,1027,1002,875,894
2167598,r02,3,c128x256x128_4x1,PGEMM_FUSED_VARIANT=c128x256x128_4x1,20,7.289e-15,False,12.304,8790.9,9064.8,10370.6,9916.2,1265,1253,1107,1158
2167598,r02,4,base,,20,7.289e-15,False,13.557,7060.3,7339.0,8696.2,8045.5,1023,983,839,897
2167598,r02,5,swizzle2,PGEMM_FUSED_SWIZZLE=2,20,7.289e-15,False,12.906,6657.9,6738.7,8088.7,7559.0,1123,1109,937,996
2167598,r02,6,base,,20,7.289e-15,False,13.103,7081.9,7287.6,8377.2,8092.8,1020,993,876,890
2167598,r02,7,swizzle4,PGEMM_FUSED_SWIZZLE=4,20,7.289e-15,False,12.413,6233.5,6252.8,7588.0,6937.2,1206,1197,1002,1079
2167598,r02,8,base,,20,7.289e-15,False,13.454,7066.0,7251.4,8582.1,8141.7,1017,996,847,889
2167598,r02,9,swizzle8,PGEMM_FUSED_SWIZZLE=8,20,7.289e-15,False,12.013,6171.0,6132.0,7370.3,6829.2,1206,1217,1041,1096
2167598,r02,10,base,,20,7.289e-15,False,13.471,7037.6,7344.1,8645.9,7702.8,1024,982,847,921
2167598,r02,11,raster_m,PGEMM_FUSED_RASTER=m,20,7.289e-15,False,13.278,7092.8,7376.0,8452.6,8201.0,1013,990,862,883
2167598,r02,12,base,,20,7.289e-15,False,13.142,7105.5,7340.3,8325.0,7992.5,1016,981,885,904
2167598,r02,13,c128x256x64_2x1,PGEMM_FUSED_VARIANT=c128x256x64_2x1,20,7.289e-15,False,14.060,7558.7,7833.2,9135.4,8533.5,954,921,799,850
2167598,r02,14,base,,20,7.289e-15,False,13.439,7039.2,7239.4,8599.2,8030.7,1021,995,851,909
2167598,r02,15,c128x256x128_2x1_sk,PGEMM_FUSED_VARIANT=c128x256x128_2x1_sk,20,7.289e-15,False,20.838,7008.8,7286.3,8682.1,8013.0,1049,992,841,897
2167598,r02,16,base,,20,7.289e-15,False,12.991,7092.6,7267.1,8331.4,7612.4,1029,996,889,932
2167821,r03,0,base,,20,7.289e-15,False,13.262,7259.0,8338.6,7327.7,7445.4,974,865,976,971
2167821,r03,1,swizzle8,PGEMM_FUSED_SWIZZLE=8,20,7.289e-15,False,11.599,6035.7,6836.6,6299.1,6373.5,1215,1097,1180,1179
2167821,r03,2,base,,20,7.289e-15,False,13.085,7250.7,8236.5,7200.4,7416.0,976,872,1002,975
2167821,r03,3,swizzle8_raster_m,PGEMM_FUSED_SWIZZLE=8 PGEMM_FUSED_RASTER=m,20,7.289e-15,False,11.615,6047.2,6779.2,6289.3,6404.0,1215,1104,1182,1177
2167821,r03,4,base,,20,7.289e-15,False,12.931,7220.0,8105.7,7424.7,7426.3,978,893,966,968
2167821,r03,5,swizzle4_raster_m,PGEMM_FUSED_SWIZZLE=4 PGEMM_FUSED_RASTER=m,20,7.289e-15,False,11.714,6138.0,6952.4,6431.3,6427.3,1194,1079,1158,1166
2167821,r03,6,base,,20,7.289e-15,False,13.034,7280.5,8231.9,7395.1,7461.0,972,878,967,971
2167821,r03,7,swizzle8_panel4096,PGEMM_FUSED_SWIZZLE=8 PGEMM_FUSED_PANEL=4096,60,7.289e-15,False,11.553,6389.8,7091.3,6735.8,6667.6,1207,1105,1169,1183
2167821,r03,8,base,,20,7.289e-15,False,13.257,7298.2,8340.3,7144.3,7422.5,972,860,1000,968
2167821,r03,9,swizzle8_panel6144,PGEMM_FUSED_SWIZZLE=8 PGEMM_FUSED_PANEL=6144,40,7.289e-15,False,11.491,6202.6,6875.7,6475.3,6433.0,1209,1111,1175,1188
2167821,r03,10,base,,20,7.289e-15,False,12.775,7264.7,8196.9,7372.7,7395.4,974,902,973,977
2167821,r03,11,swizzle8,PGEMM_FUSED_SWIZZLE=8,20,7.289e-15,False,11.579,6059.6,6799.8,6328.2,6336.2,1211,1103,1176,1185
2167821,r03,12,base,,20,7.289e-15,False,12.885,7139.8,8093.3,7390.0,7573.7,1009,890,972,955
2168384,r04,0,base,,20,7.289e-15,False,11.871,6054.1,7068.0,6333.2,6546.0,1217,1059,1179,1135
2168384,r04,1,base_again,PGEMM_FUSED_VARIANT=base,20,7.289e-15,False,11.786,6100.6,7006.5,6366.0,6632.2,1206,1073,1174,1126
2168384,r04,2,base,,20,7.289e-15,False,11.959,6086.9,7090.6,6330.4,6594.2,1209,1053,1180,1131
2168384,r04,3,c128x256x128_4x1,PGEMM_FUSED_VARIANT=c128x256x128_4x1,20,7.289e-15,False,12.494,8799.0,10460.2,9458.1,9779.4,1297,1125,1238,1196
2168384,r04,4,base,,20,7.289e-15,False,11.813,6046.1,6992.7,6352.8,6588.9,1216,1066,1178,1131
2168384,r04,5,c128x256x128_2x2,PGEMM_FUSED_VARIANT=c128x256x128_2x2,20,7.289e-15,False,12.117,8569.1,10103.4,9247.2,9540.1,1325,1159,1259,1224
2168384,r04,6,base,,20,7.289e-15,False,11.983,6036.5,7145.9,6363.9,6588.5,1217,1050,1175,1133
2168384,r04,7,swizzle1,PGEMM_FUSED_SWIZZLE=1,20,7.289e-15,False,13.321,7237.3,8409.8,7401.1,7818.7,981,857,973,917
2168384,r04,8,base,,20,7.289e-15,False,11.869,6031.3,7089.2,6318.4,6593.4,1220,1061,1181,1132
2168384,r04,9,c128x256x64_2x1,PGEMM_FUSED_VARIANT=c128x256x64_2x1,20,7.289e-15,False,12.430,6341.5,7580.7,6673.9,7000.1,1157,991,1122,1071
2168384,r04,10,base,,20,7.289e-15,False,11.879,6054.8,6998.3,6355.0,6612.5,1213,1065,1176,1126
2168505,r05,0,base,,20,7.289e-15,False,11.290,6238.2,6306.9,6447.6,6252.4,1183,1186,1160,1192
2168505,r05,1,c256x128x128_1x2,PGEMM_FUSED_VARIANT=c256x128x128_1x2,20,7.289e-15,False,11.310,6248.9,6257.5,6512.3,6281.7,1179,1187,1146,1183
2168505,r05,2,base,,20,7.289e-15,False,11.233,6206.9,6250.4,6453.7,6299.2,1185,1192,1163,1188
2168505,r05,3,e128x64,PGEMM_FUSED_VARIANT=c128x256x128_2x1_e128x64,20,7.289e-15,False,11.213,6216.7,6256.2,6496.6,6283.9,1185,1188,1149,1186
2168505,r05,4,base,,20,7.289e-15,False,11.258,6247.0,6251.6,6422.0,6255.8,1182,1192,1162,1191
2168505,r05,5,e128x128,PGEMM_FUSED_VARIANT=c128x256x128_2x1_e128x128,20,7.289e-15,False,11.281,6195.0,6250.8,6476.4,6290.8,1182,1183,1147,1178
2168505,r05,6,base,,20,7.289e-15,False,11.202,6206.0,6240.4,6441.7,6293.9,1188,1190,1159,1185
2168505,r05,7,sms128,PGEMM_FUSED_SMS=128,20,7.289e-15,False,11.301,8433.6,8649.2,8950.5,8745.0,1214,1205,1174,1197
2168505,r05,8,base,,20,7.289e-15,False,11.223,6173.1,6243.5,6459.0,6244.5,1193,1190,1160,1195
2168505,r05,9,sms120,PGEMM_FUSED_SMS=120,20,7.289e-15,False,11.693,9260.2,9305.8,9654.4,9380.0,1190,1200,1162,1196
2168505,r05,10,base,,20,7.289e-15,False,11.220,6208.8,6283.7,6498.5,6261.2,1188,1190,1153,1192
2168505,r05,11,sms112,PGEMM_FUSED_SMS=112,20,7.289e-15,False,11.857,9747.7,9860.6,10187.2,9815.2,1201,1209,1178,1219
2168505,r05,12,base,,20,7.289e-15,False,11.364,6259.1,6298.8,6491.1,6230.0,1180,1191,1154,1197
2168569,r06,0,base,,20,7.289e-15,False,11.349,5852.2,5920.8,6589.8,6316.5,1250,1257,1131,1185
2168569,r06,1,occupancy,PGEMM_FUSED_OCCUPANCY=1,20,7.289e-15,False,11.426,5847.5,5921.9,6622.8,6303.2,1253,1259,1131,1182
2168569,r06,2,base,,20,7.289e-15,False,11.435,5862.1,5911.8,6681.6,6368.9,1253,1262,1124,1178
2168569,r06,3,c128x256x128_4x1_occ,PGEMM_FUSED_VARIANT=c128x256x128_4x1 PGEMM_FUSED_OCCUPANCY=1,20,7.289e-15,False,11.819,6373.9,6478.1,6934.3,6610.9,1278,1274,1191,1242
2168569,r06,4,base,,20,7.289e-15,False,11.459,5875.3,5917.0,6591.5,6345.5,1265,1259,1131,1181
2168569,r06,5,c128x256x128_2x2_occ,PGEMM_FUSED_VARIANT=c128x256x128_2x2 PGEMM_FUSED_OCCUPANCY=1,20,7.289e-15,False,11.619,6157.0,6277.7,6800.6,6469.6,1319,1314,1217,1268
2168569,r06,6,base,,20,7.289e-15,False,11.347,5885.9,5958.0,6575.6,6321.7,1248,1252,1133,1180
2168569,r06,7,sms128_occ,PGEMM_FUSED_SMS=128 PGEMM_FUSED_OCCUPANCY=1,20,7.289e-15,False,11.582,8071.7,8224.6,9166.6,8835.8,1262,1267,1144,1188
2168569,r06,8,base,,20,7.289e-15,False,11.395,5881.5,5933.4,6605.2,6366.5,1248,1258,1130,1176
